1,1,2023-09-17,Incident1
2,1,2023-07-03,Incident2
3,1,2023-12-07,Incident3
4,1,2023-09-24,Incident4
5,1,2024-03-25,Incident5
6,1,2023-12-29,Incident6
7,1,2024-02-15,Incident7
8,1,2024-04-16,Incident8
9,1,2023-10-26,Incident9
10,1,2023-12-25,Incident10
11,1,2024-06-04,Incident11
12,1,2023-10-28,Incident12
13,1,2023-11-13,Incident13
14,1,2023-11-18,Incident14
15,1,2024-04-19,Incident15
16,1,2023-12-08,Incident16
17,1,2023-12-05,Incident17
18,1,2023-07-14,Incident18
19,1,2023-12-30,Incident19
20,1,2023-12-28,Incident20
21,1,2024-02-17,Incident21
22,1,2024-06-14,Incident22
23,1,2024-05-21,Incident23
24,1,2023-09-29,Incident24
25,1,2023-08-19,Incident25
26,1,2024-05-03,Incident26
27,1,2023-12-21,Incident27
28,1,2024-04-12,Incident28
29,1,2024-03-04,Incident29
30,1,2024-04-19,Incident30
31,1,2023-10-04,Incident31
32,1,2024-03-11,Incident32
33,1,2023-12-18,Incident33
34,1,2024-04-05,Incident34
35,1,2023-08-30,Incident35
36,1,2024-04-01,Incident36
37,1,2023-08-15,Incident37
38,1,2024-02-20,Incident38
39,1,2023-08-28,Incident39
40,1,2024-05-23,Incident40
41,1,2023-08-30,Incident41
42,1,2024-04-22,Incident42
43,1,2023-10-16,Incident43
44,1,2024-05-27,Incident44
45,1,2024-03-31,Incident45
46,1,2023-10-21,Incident46
47,1,2024-01-28,Incident47
48,1,2023-08-20,Incident48
49,1,2023-09-24,Incident49
50,1,2024-04-07,Incident50
51,2,2023-12-29,Incident51
52,2,2024-03-06,Incident52
53,2,2023-10-16,Incident53
54,2,2024-05-06,Incident54
55,2,2023-11-11,Incident55
56,2,2023-10-31,Incident56
57,2,2024-05-20,Incident57
58,2,2023-11-17,Incident58
59,2,2024-03-09,Incident59
60,2,2024-04-12,Incident60
61,2,2023-10-22,Incident61
62,2,2023-11-10,Incident62
63,2,2024-06-16,Incident63
64,2,2024-02-02,Incident64
65,2,2023-12-08,Incident65
66,2,2023-12-14,Incident66
67,2,2024-02-24,Incident67
68,2,2024-02-07,Incident68
69,2,2024-02-12,Incident69
70,2,2023-08-01,Incident70
71,2,2023-10-14,Incident71
72,2,2024-02-06,Incident72
73,2,2024-04-03,Incident73
74,2,2023-08-11,Incident74
75,2,2024-06-15,Incident75
76,2,2023-10-01,Incident76
77,2,2023-07-30,Incident77
78,2,2024-01-22,Incident78
79,2,2024-04-12,Incident79
80,2,2024-03-08,Incident80
81,2,2023-10-07,Incident81
82,2,2023-10-18,Incident82
83,2,2024-05-22,Incident83
84,2,2024-04-07,Incident84
85,2,2023-10-14,Incident85
86,2,2023-12-01,Incident86
87,2,2023-10-06,Incident87
88,2,2023-08-25,Incident88
89,2,2024-03-08,Incident89
90,2,2023-10-14,Incident90
91,2,2024-05-17,Incident91
92,2,2023-09-29,Incident92
93,2,2024-02-01,Incident93
94,2,2023-12-14,Incident94
95,2,2024-03-14,Incident95
96,2,2023-08-24,Incident96
97,2,2023-12-31,Incident97
98,2,2023-10-26,Incident98
99,2,2024-06-13,Incident99
100,2,2024-04-30,Incident100
101,3,2024-03-23,Incident101
102,3,2024-03-04,Incident102
103,3,2024-02-25,Incident103
104,3,2024-02-06,Incident104
105,3,2023-08-01,Incident105
106,3,2024-05-01,Incident106
107,3,2023-11-21,Incident107
108,3,2023-08-09,Incident108
109,3,2023-08-02,Incident109
110,3,2024-04-05,Incident110
111,3,2024-02-04,Incident111
112,3,2023-12-04,Incident112
113,3,2024-03-29,Incident113
114,3,2024-06-01,Incident114
115,3,2024-05-26,Incident115
116,3,2023-09-07,Incident116
117,3,2024-05-22,Incident117
118,3,2023-06-30,Incident118
119,3,2024-02-01,Incident119
120,3,2023-11-08,Incident120
121,3,2023-07-17,Incident121
122,3,2023-07-22,Incident122
123,3,2024-03-08,Incident123
124,3,2023-07-12,Incident124
125,3,2023-10-06,Incident125
126,3,2024-01-12,Incident126
127,3,2023-08-17,Incident127
128,3,2024-01-21,Incident128
129,3,2024-02-24,Incident129
130,3,2024-02-01,Incident130
131,3,2023-10-03,Incident131
132,3,2023-08-29,Incident132
133,3,2024-04-02,Incident133
134,3,2024-01-05,Incident134
135,3,2024-06-06,Incident135
136,3,2023-08-31,Incident136
137,3,2024-02-04,Incident137
138,3,2023-09-06,Incident138
139,3,2023-12-20,Incident139
140,3,2023-07-27,Incident140
141,3,2024-06-07,Incident141
142,3,2023-10-07,Incident142
143,3,2024-03-22,Incident143
144,3,2023-12-23,Incident144
145,3,2024-05-12,Incident145
146,3,2023-10-23,Incident146
147,3,2023-09-07,Incident147
148,3,2024-01-23,Incident148
149,3,2024-03-07,Incident149
150,3,2023-12-03,Incident150
151,4,2023-11-28,Incident151
152,4,2024-03-18,Incident152
153,4,2023-11-05,Incident153
154,4,2024-06-10,Incident154
155,4,2023-10-04,Incident155
156,4,2024-01-18,Incident156
157,4,2023-10-21,Incident157
158,4,2023-11-23,Incident158
159,4,2023-12-17,Incident159
160,4,2023-07-28,Incident160
161,4,2024-05-02,Incident161
162,4,2023-10-25,Incident162
163,4,2024-03-26,Incident163
164,4,2024-06-20,Incident164
165,4,2023-12-29,Incident165
166,4,2024-06-17,Incident166
167,4,2024-05-15,Incident167
168,4,2023-11-24,Incident168
169,4,2023-07-19,Incident169
170,4,2023-11-21,Incident170
171,4,2024-05-16,Incident171
172,4,2024-01-08,Incident172
173,4,2023-08-22,Incident173
174,4,2023-07-28,Incident174
175,4,2024-04-24,Incident175
176,4,2024-04-24,Incident176
177,4,2023-06-29,Incident177
178,4,2024-05-27,Incident178
179,4,2023-07-04,Incident179
180,4,2024-06-08,Incident180
181,4,2024-02-28,Incident181
182,4,2024-05-08,Incident182
183,4,2024-04-17,Incident183
184,4,2023-11-16,Incident184
185,4,2023-10-05,Incident185
186,4,2024-03-05,Incident186
187,4,2024-03-05,Incident187
188,4,2023-09-02,Incident188
189,4,2023-08-16,Incident189
190,4,2023-11-07,Incident190
191,4,2024-06-02,Incident191
192,4,2024-05-06,Incident192
193,4,2024-03-09,Incident193
194,4,2024-04-04,Incident194
195,4,2024-01-26,Incident195
196,4,2024-04-03,Incident196
197,4,2024-03-23,Incident197
198,4,2023-07-01,Incident198
199,4,2024-01-15,Incident199
200,4,2023-11-12,Incident200
201,5,2024-04-30,Incident201
202,5,2023-07-22,Incident202
203,5,2024-02-12,Incident203
204,5,2023-08-26,Incident204
205,5,2023-09-29,Incident205
206,5,2024-05-23,Incident206
207,5,2024-06-04,Incident207
208,5,2024-05-06,Incident208
209,5,2024-02-23,Incident209
210,5,2024-04-11,Incident210
211,5,2024-03-30,Incident211
212,5,2023-11-26,Incident212
213,5,2023-07-09,Incident213
214,5,2024-04-03,Incident214
215,5,2023-11-11,Incident215
216,5,2023-11-21,Incident216
217,5,2024-02-16,Incident217
218,5,2024-05-08,Incident218
219,5,2024-05-10,Incident219
220,5,2024-01-21,Incident220
221,5,2023-09-20,Incident221
222,5,2024-01-18,Incident222
223,5,2023-10-07,Incident223
224,5,2023-12-20,Incident224
225,5,2024-04-15,Incident225
226,5,2023-12-16,Incident226
227,5,2024-02-04,Incident227
228,5,2024-01-01,Incident228
229,5,2023-10-12,Incident229
230,5,2023-10-06,Incident230
231,5,2023-12-21,Incident231
232,5,2024-05-05,Incident232
233,5,2023-10-11,Incident233
234,5,2023-12-22,Incident234
235,5,2023-12-13,Incident235
236,5,2023-09-02,Incident236
237,5,2024-06-11,Incident237
238,5,2023-10-12,Incident238
239,5,2023-11-11,Incident239
240,5,2024-01-21,Incident240
241,5,2023-09-30,Incident241
242,5,2023-09-03,Incident242
243,5,2023-11-05,Incident243
244,5,2024-05-15,Incident244
245,5,2023-07-21,Incident245
246,5,2023-09-10,Incident246
247,5,2024-06-18,Incident247
248,5,2024-01-14,Incident248
249,5,2024-02-28,Incident249
250,5,2023-11-13,Incident250
